"text","favorited","favoriteCount","replyToSN","created","truncated","replyToSID","id","replyToUID","statusSource","screenName","retweetCount","isRetweet","retweeted","longitude","latitude"
"@elonmusk This comment from a guy who was selling FLAME THROWERS during California‚Äôs biggest wildfire season. ü§∑‚Äç‚ôÇÔ∏è",FALSE,0,"elonmusk",2022-11-05 03:15:52,FALSE,"1587923502354472960","1588731799152517120","44196397","<a href=""http://twitter.com/download/iphone"" rel=""nofollow"">Twitter for iPhone</a>","stylee",0,FALSE,FALSE,,
"Google is expanding AI-powered flood and wildfire tracking to more countries https://t.co/tkV8ttRldO #android",FALSE,0,,2022-11-05 01:45:00,FALSE,,"1588708932394139649",,"<a href=""https://buffer.com"" rel=""nofollow"">Buffer</a>","Androidheadline",0,FALSE,FALSE,,
"Hot, dry, windy conditions &amp; ongoing drought are expected to create dangerous wildfire conditions for Malibu this f‚Ä¶ https://t.co/BHapS8ebQ7",FALSE,0,,2022-11-05 00:01:09,TRUE,,"1588682796008185858",,"<a href=""https://www.hootsuite.com"" rel=""nofollow"">Hootsuite Inc.</a>","MalibuEOC",0,FALSE,FALSE,,
"Hot, dry, windy conditions &amp; ongoing drought are expected to create dangerous wildfire conditions for Malibu this f‚Ä¶ https://t.co/fVvqbfM1MI",FALSE,1,,2022-11-05 00:00:43,TRUE,,"1588682685068754945",,"<a href=""https://www.hootsuite.com"" rel=""nofollow"">Hootsuite Inc.</a>","CityMalibu",0,FALSE,FALSE,,
"@jeffroth77 I like this concept and wish California would follow the example

The current wildfire response is text‚Ä¶ https://t.co/RuFDqBkdiP",FALSE,3,"jeffroth77",2022-11-04 23:43:51,TRUE,"1588670561420312576","1588678441851056130","1411112466659090440","<a href=""https://mobile.twitter.com"" rel=""nofollow"">Twitter Web App</a>","GalenDShaffer",0,FALSE,FALSE,,
"@ogunna Oooooo bro I‚Äôd love to hear you do a deep dive on that one of these days",FALSE,1,"ogunna",2022-11-04 23:35:20,FALSE,"1587859197609246723","1588676297722859520","38884707","<a href=""http://twitter.com/download/iphone"" rel=""nofollow"">Twitter for iPhone</a>","will_wildfire",1,FALSE,FALSE,,
"Being asked if I‚Äôm anti-wildfire is such a wild concept, like there‚Äôs a secret faction of pro-wildfire Californians‚Ä¶ https://t.co/9rFzCWZOAO",FALSE,1,,2022-11-04 22:29:57,TRUE,,"1588659845879975937",,"<a href=""http://twitter.com/download/iphone"" rel=""nofollow"">Twitter for iPhone</a>","graciepalms",0,FALSE,FALSE,,
"What it feels like to visit a fusion company lab on a day when wildfire smoke cloaks the¬†horizon https://t.co/RYuzJqbkrK",FALSE,0,,2022-11-04 21:27:12,FALSE,,"1588644053704376320",,"<a href=""http://publicize.wp.com/"" rel=""nofollow"">WordPress.com</a>","_ReportWire",0,FALSE,FALSE,,
"Cool to decide between a computer hardware guy and a career politician for CA Insurance Commissioner 

Could we nor‚Ä¶ https://t.co/7Ex0JmIXvA",FALSE,14,,2022-11-04 21:02:11,TRUE,,"1588637758998065154",,"<a href=""https://mobile.twitter.com"" rel=""nofollow"">Twitter Web App</a>","GalenDShaffer",0,FALSE,FALSE,,
"On Saturday, Nov. 12, pick up a free NOAA Radio at Malibu City Hall from 9 a.m. to 1 p.m. and be prepared for wildf‚Ä¶ https://t.co/g0JQFG2ZCn",FALSE,1,,2022-11-04 20:55:40,TRUE,,"1588636117007728641",,"<a href=""http://twitter.com/download/iphone"" rel=""nofollow"">Twitter for iPhone</a>","TheMalibuTimes",0,FALSE,FALSE,,
"#OnlyYou can prevent wildfires. Visit https://t.co/Bdq2rlZZ0r for wildfire prevention tips. #OnlyYou",FALSE,0,,2022-11-04 20:24:53,FALSE,,"1588628371298455552",,"<a href=""http://twitter.com/download/iphone"" rel=""nofollow"">Twitter for iPhone</a>","HolzingerNicol",0,FALSE,FALSE,,
"Via @GOVERNING: ‚ÄúOne of the key points that we wanted to raise is that we really need to start tracking this,‚Äù said‚Ä¶ https://t.co/GvRmMtPfs5",FALSE,1,,2022-11-04 19:33:59,TRUE,,"1588615561818542080",,"<a href=""https://mobile.twitter.com"" rel=""nofollow"">Twitter Web App</a>","UCLASustainLA",0,FALSE,FALSE,,
"@LHSummers @BloombergNEF @UN @COP27P @WhiteHouse @POTUS @JoeBiden @GOP @TheDemocrats @maddow @JaneMayerNYer‚Ä¶ https://t.co/WPupbqIChx",FALSE,0,"Acculation",2022-11-04 18:48:06,TRUE,"1588603500615061504","1588604015863963649","1574566705","<a href=""https://mobile.twitter.com"" rel=""nofollow"">Twitter Web App</a>","Acculation",0,FALSE,FALSE,,
"Though we have some #LARain on the way, today's #Wildfire üî• Danger Rating for the City of #LosAngeles remains HIGH:‚Ä¶ https://t.co/T8BcaMt3dD",FALSE,1,,2022-11-04 18:23:00,TRUE,,"1588597698219118592",,"<a href=""https://mobile.twitter.com"" rel=""nofollow"">Twitter Web App</a>","LAFDtalk",1,FALSE,FALSE,,
"Founded in 1991, The C.R.E.W. provides young people with employment through environmental work, restoring natural l‚Ä¶ https://t.co/z0wxQoGKRB",FALSE,0,,2022-11-04 18:15:00,TRUE,,"1588595683321266176",,"<a href=""https://mobile.twitter.com"" rel=""nofollow"">Twitter Web App</a>","OVN",0,FALSE,FALSE,,
"üì¢ Attention all followers: This is your LAST CHANCE to pick up a free NOAA Weather Radio! üì¢

Receive wildfire &amp; dis‚Ä¶ https://t.co/VCOCIzkLwO",FALSE,4,,2022-11-04 18:01:46,TRUE,,"1588592354646282241",,"<a href=""https://www.hootsuite.com"" rel=""nofollow"">Hootsuite Inc.</a>","rcdsmm",4,FALSE,FALSE,,
"@jacqbryant This is an embarrassment and obviously shows there are some unhappy people on the inside of this operat‚Ä¶ https://t.co/6r0feXzit9",FALSE,6,"jacqbryant",2022-11-04 17:24:24,TRUE,"1588552853559263232","1588582951377567745","282172043","<a href=""http://twitter.com/download/iphone"" rel=""nofollow"">Twitter for iPhone</a>","maryyyprankster",0,FALSE,FALSE,,
"SMASH BROS + NINTENDO W/ THE GANG - who wants to join? https://t.co/NXV1f02BhE",FALSE,1,,2022-11-04 17:12:48,FALSE,,"1588580030199877634",,"<a href=""https://streamlabs.com"" rel=""nofollow"">Streamlabs Twitter</a>","will_wildfire",1,FALSE,FALSE,,
"With $4.2 million in state funding for a second full-time 25-member hand crew, these new crew members join the OCFA‚Ä¶ https://t.co/JSuwnLes7r",FALSE,30,"OCFireAuthority",2022-11-04 14:29:25,TRUE,"1588538905208717313","1588538913450512385","22189352","<a href=""http://twitter.com/download/iphone"" rel=""nofollow"">Twitter for iPhone</a>","OCFireAuthority",4,FALSE,FALSE,,
"Google is expanding AI-powered flood and wildfire tracking to more countries
https://t.co/4LTmCLg0iz #Google #AI",FALSE,0,,2022-11-04 12:50:14,FALSE,,"1588513955819184129",,"<a href=""https://mobile.twitter.com"" rel=""nofollow"">Twitter Web App</a>","Androidheadline",0,FALSE,FALSE,,
"@nicolelampert @JGreenblattADL @NBA ...it is an exceedingly rare belief among Blacks and a form of antisemitism tha‚Ä¶ https://t.co/o5XLD8vOQc",FALSE,2,"bennettscohen",2022-11-04 06:38:17,TRUE,"1588419307301916672","1588420349632270338","34769062","<a href=""https://mobile.twitter.com"" rel=""nofollow"">Twitter Web App</a>","bennettscohen",0,FALSE,FALSE,,
"Monday morning, some MAGA dickhead is going to register something like (at)OfficialAOC, pay the $8 for a blue check‚Ä¶ https://t.co/x1OQOjrkWl",FALSE,2,,2022-11-04 03:03:58,TRUE,,"1588366414968410112",,"<a href=""http://twitter.com/download/iphone"" rel=""nofollow"">Twitter for iPhone</a>","waltisfrozen",0,FALSE,FALSE,,
"its almost like a vast % of the population is oddly super susceptible to infection and‚Ä¶spreading it‚Ä¶ like wildfire‚Ä¶ https://t.co/Yw1RYXOnHc",FALSE,0,,2022-11-04 02:44:04,TRUE,,"1588361406071439360",,"<a href=""http://twitter.com/download/iphone"" rel=""nofollow"">Twitter for iPhone</a>","TheSocial_con",0,FALSE,FALSE,,
"‚ÄúFrom 2003 to 2019, researchers estimated that Californians cut their emissions of carbon dioxide by about 65 milli‚Ä¶ https://t.co/0wNX2YDRFO",FALSE,0,,2022-11-04 01:25:56,TRUE,,"1588341745728618496",,"<a href=""http://twitter.com/download/iphone"" rel=""nofollow"">Twitter for iPhone</a>","torrHL",1,FALSE,FALSE,,
"The #BipartisanInfrastructureLaw will bring to CA:

üõ£Ô∏è $25.3B for roads
üöä $10.3B for public transit
üåâ $4.2B for bri‚Ä¶ https://t.co/3dz7dyMWH3",FALSE,4,"RepJimmyGomez",2022-11-04 01:20:57,TRUE,"1588340484044644353","1588340489295892481","2371339658","<a href=""http://twitter.com/download/iphone"" rel=""nofollow"">Twitter for iPhone</a>","RepJimmyGomez",1,FALSE,FALSE,,
"Is your garden hose long enough to reach any area of your property?
Simple considerations like this can help you ge‚Ä¶ https://t.co/CCNgMkUCtO",FALSE,0,,2022-11-04 00:00:34,TRUE,,"1588320262369742849",,"<a href=""http://hearsaysystems.com"" rel=""nofollow"">Hearsay Social</a>","LammKathy",0,FALSE,FALSE,,
"@ChaseAlert I hope this idiot doesn‚Äôt start a wildfire. It‚Äôs windy today",FALSE,3,"ChaseAlert",2022-11-03 22:20:33,FALSE,"1588294961669160960","1588295091025629184","128332375","<a href=""http://twitter.com/download/iphone"" rel=""nofollow"">Twitter for iPhone</a>","streetpeopleLA",0,FALSE,FALSE,,
"EXCLUSIVE: Homes with high wildfire risk are selling for $178,000 more than low-risk homes https://t.co/YfpPa9yNn5 https://t.co/vFodL1ACcA",FALSE,0,,2022-11-03 19:15:33,FALSE,,"1588248532787789824",,"<a href=""https://dlvrit.com/"" rel=""nofollow"">dlvr.it</a>","CostelloKingAc",0,FALSE,FALSE,,
"Anyone collect old @NatGeo magazines?? Our founder Susan and baby Tank were honored with an awesome feature sometim‚Ä¶ https://t.co/XGXKx0mQtt",FALSE,19,,2022-11-03 18:30:06,TRUE,,"1588237095549779970",,"<a href=""https://sproutsocial.com"" rel=""nofollow"">Sprout Social</a>","tortoiserescue",5,FALSE,FALSE,,
"In the cryptoverse, false rumours can spread faster than a wildfire. Be aware and be correctly informed.-Crypto Bei‚Ä¶ https://t.co/IC3EZA7B9R",FALSE,0,,2022-11-03 18:14:18,TRUE,,"1588233118888099843",,"<a href=""https://mobile.twitter.com"" rel=""nofollow"">Twitter Web App</a>","Kingdor83",0,FALSE,FALSE,,
"CA, here‚Äôs the truth: Our state could fall behind in its climate goals if we don‚Äôt act now.

Prop 30 ensures an equ‚Ä¶ https://t.co/Cu6PMOMV4d",FALSE,9,,2022-11-03 18:00:00,TRUE,,"1588229521064439810",,"<a href=""https://mobile.twitter.com"" rel=""nofollow"">Twitter Web App</a>","ActiveSGV",7,FALSE,FALSE,,
"MID-DAY STREAM COME GET SOME INNER-G https://t.co/NXV1f02BhE",FALSE,3,,2022-11-03 17:48:11,FALSE,,"1588226549827964928",,"<a href=""https://streamlabs.com"" rel=""nofollow"">Streamlabs Twitter</a>","will_wildfire",1,FALSE,FALSE,,
"I don‚Äôt care how annoyed folks get; ima let it be known it‚Äôs God and not me every time.",FALSE,11,,2022-11-03 16:27:29,FALSE,,"1588206239053676544",,"<a href=""http://twitter.com/download/iphone"" rel=""nofollow"">Twitter for iPhone</a>","will_wildfire",12,FALSE,FALSE,,
"Dry weather and wind can cause trees and debris to contact energized lines and cause a wildfire. Public Safety Powe‚Ä¶ https://t.co/kRFO34a6hs",FALSE,1,,2022-11-03 15:55:39,TRUE,,"1588198227836342274",,"<a href=""https://www.later.com"" rel=""nofollow"">LaterMedia</a>","211OrangeCounty",1,FALSE,FALSE,,
"Red is IN! Our exlcusive hair color shade with @manicpanicnyc, 'Wildfire', is available now. Happy hair dyeing! üé®‚Ä¶ https://t.co/dW8c4RdKzs",FALSE,4,,2022-11-03 15:24:43,TRUE,,"1588190445124734976",,"<a href=""http://twitter.com/download/iphone"" rel=""nofollow"">Twitter for iPhone</a>","thehundreds",0,FALSE,FALSE,,
"‚ÄúCalifornia Becomes First in US to Mandate Wildfire Insurance Discounts -

The California Department of Insurance h‚Ä¶ https://t.co/x3u0P9tiP0",FALSE,0,,2022-11-03 04:28:57,TRUE,,"1588025413300731911",,"<a href=""http://twitter.com/download/iphone"" rel=""nofollow"">Twitter for iPhone</a>","torrHL",0,FALSE,FALSE,,
"@bennyjohnson @elonmusk Yeah I noticed Parlor &amp; Truth Social  really caught on like wildfire",FALSE,2,"bennyjohnson",2022-11-03 03:58:50,FALSE,"1587900655854927875","1588017836286304256","15212187","<a href=""http://twitter.com/download/iphone"" rel=""nofollow"">Twitter for iPhone</a>","GfyPutin",0,FALSE,FALSE,,
"They also offer a free program where they will go out and see how you can improve your home‚Äôs landscaping in order‚Ä¶ https://t.co/dGdJhiPQt3",FALSE,0,"ZiaZografos",2022-11-03 02:33:06,TRUE,"1587996208059908097","1587996259775700992","1516876141386092544","<a href=""https://mobile.twitter.com"" rel=""nofollow"">Twitter Web App</a>","ZiaZografos",0,FALSE,FALSE,,
"Ventura County Wildfire collective is a partnership of several different city's wildfire councils and departments.‚Ä¶ https://t.co/3JkUKGdA3N",FALSE,0,"ZiaZografos",2022-11-03 02:32:54,TRUE,"1587995754538233856","1587996208059908097","1516876141386092544","<a href=""https://mobile.twitter.com"" rel=""nofollow"">Twitter Web App</a>","ZiaZografos",0,FALSE,FALSE,,
"Mayra De Leon, from the Ventura County Wildfire collective, is giving a presentation about how to be mitigate wildfires.",FALSE,0,"ZiaZografos",2022-11-03 02:31:06,FALSE,"1587992067296223232","1587995754538233856","1516876141386092544","<a href=""https://mobile.twitter.com"" rel=""nofollow"">Twitter Web App</a>","ZiaZografos",0,FALSE,FALSE,,
"@RichardCheek19 @is_wildfire They kept ending up in the dead letter office",FALSE,1,"RichardCheek19",2022-11-03 01:10:08,FALSE,"1587872479980158976","1587975381612494848","1495647341210226691","<a href=""http://twitter.com/download/android"" rel=""nofollow"">Twitter for Android</a>","jeffery_scism",0,FALSE,FALSE,,
"Many customers have asked how the Wildfire Aware app was developed. The team responsible discusses key decisions ma‚Ä¶ https://t.co/F0dZyOKWzq",FALSE,0,,2022-11-03 01:00:33,TRUE,,"1587972970563178501",,"<a href=""https://www.hootsuite.com"" rel=""nofollow"">Hootsuite Inc.</a>","andy_schulte",0,FALSE,FALSE,,
"@Lace891 @JebraFaushay It is. I think maybe I can turn this into the best country song since Wildfire.",FALSE,0,"Lace891",2022-11-03 00:12:44,FALSE,"1587954320380772352","1587960934546317312","1577805690185342976","<a href=""http://twitter.com/download/android"" rel=""nofollow"">Twitter for Android</a>","DGUSMCSgt",0,FALSE,FALSE,,
"How Wild Horses Could Help With Wildfire Prevention in the US https://t.co/Sm6pxtVOCP",FALSE,0,,2022-11-03 00:02:15,FALSE,,"1587958297491308545",,"<a href=""https://mobile.twitter.com"" rel=""nofollow"">Twitter Web App</a>","macnmosmorsels",1,FALSE,FALSE,,
"Nearly a third of southern Sierra forests killed by drought and wildfire in last decade https://t.co/FuDDtzMN14",FALSE,0,,2022-11-02 23:11:12,FALSE,,"1587945450182561792",,"<a href=""https://mobile.twitter.com"" rel=""nofollow"">Twitter Web App</a>","mwilton13",0,FALSE,FALSE,,
"PG&amp;E to expedite payments to victims of California wildfire. Claims could hit $100 million.  https://t.co/KTMi1xXMo9",FALSE,0,,2022-11-02 22:38:24,FALSE,,"1587937194336927744",,"<a href=""https://mobile.twitter.com"" rel=""nofollow"">Twitter Web App</a>","smarthealthtalk",0,FALSE,FALSE,,
"Hot, dry, windy conditions &amp; ongoing drought are expected to create dangerous wildfire conditions for Malibu this f‚Ä¶ https://t.co/HLz2uKmsnZ",FALSE,0,,2022-11-02 22:01:43,TRUE,,"1587927964112793600",,"<a href=""https://www.hootsuite.com"" rel=""nofollow"">Hootsuite Inc.</a>","MalibuEOC",0,FALSE,FALSE,,
"Hot, dry, windy conditions &amp; ongoing drought are expected to create dangerous wildfire conditions for Malibu this f‚Ä¶ https://t.co/HI5hFy6FBE",FALSE,2,,2022-11-02 22:00:17,TRUE,,"1587927605176508416",,"<a href=""https://www.hootsuite.com"" rel=""nofollow"">Hootsuite Inc.</a>","CityMalibu",0,FALSE,FALSE,,
"MS student @erin_n_weiner had her work on wildlife responses to wildfire covered on @SpecNews1SoCal ! Great job Eri‚Ä¶ https://t.co/TZPFzdNmtz",FALSE,3,,2022-11-02 20:01:21,TRUE,,"1587897671070584832",,"<a href=""https://mobile.twitter.com"" rel=""nofollow"">Twitter Web App</a>","CSULBMammalLab",1,FALSE,FALSE,,
"Record warmth &amp; windy conditions in parts of the U.S. mean a higher risk of #wildfire.

Stay safe:‚Ä¶ https://t.co/fqjLbpBlid",FALSE,0,,2022-11-02 19:30:05,TRUE,,"1587889802908606464",,"<a href=""https://sproutsocial.com"" rel=""nofollow"">Sprout Social</a>","DefyDisaster",0,FALSE,FALSE,,
"What happens when a natural disaster like a wildfire wipes out a town? In the age of climate change this is a quest‚Ä¶ https://t.co/0P8kuNaP6s",FALSE,4,,2022-11-02 19:00:21,TRUE,,"1587882322610688000",,"<a href=""https://buffer.com"" rel=""nofollow"">Buffer</a>","LAist",1,FALSE,FALSE,,
"@Shannon1339 @watchdutyapp Hello! You can learn more about how the app works in this article from Wired: 

https://t.co/kYKRiahCMG",FALSE,1,"Shannon1339",2022-11-02 18:41:00,FALSE,"1587875522968592384","1587877449710247937","18198648","<a href=""https://mobile.twitter.com"" rel=""nofollow"">Twitter Web App</a>","barkflight",0,FALSE,FALSE,,
"Meet Calabasas's digital tool for more effective wildfire evacuations and emergency management. https://t.co/BUG3crYXO8",FALSE,0,,2022-11-02 18:35:38,FALSE,,"1587876099874295813",,"<a href=""http://www.socialflow.com"" rel=""nofollow"">SocialFlow</a>","CalabasasPatch",0,FALSE,FALSE,,
"Google expands AI-powered flood detection and wildfire systems https://t.co/yzulnu7d6J https://t.co/kI87Yj0wpg",FALSE,0,,2022-11-02 18:15:29,FALSE,,"1587871031699861505",,"<a href=""https://dlvrit.com/"" rel=""nofollow"">dlvr.it</a>","PatrioticGeek",0,FALSE,FALSE,,
"Nearly a third of southern #Sierra #forests killed by #drought and #wildfire in last decade https://t.co/6oHI7mhDs1‚Ä¶ https://t.co/93jkkaMAKW",FALSE,0,,2022-11-02 16:15:07,TRUE,,"1587840740435951616",,"<a href=""https://mobile.twitter.com"" rel=""nofollow"">Twitter Web App</a>","UCR_ScienceNews",0,FALSE,FALSE,,
"Did you know that our ed. team now has a robust collection of fire ecology lessons! ü§ó

Thanks to our partnership wi‚Ä¶ https://t.co/hJhUv29bLw",FALSE,2,,2022-11-02 16:00:43,TRUE,,"1587837113361469447",,"<a href=""https://www.hootsuite.com"" rel=""nofollow"">Hootsuite Inc.</a>","rcdsmm",2,FALSE,FALSE,,
"B/c we have been asked how the Wildfire Aware app was developed, we got together to write about the path from idea‚Ä¶ https://t.co/fcSTyyTEkN",FALSE,0,,2022-11-02 15:50:11,TRUE,,"1587834464889176064",,"<a href=""https://www.hootsuite.com"" rel=""nofollow"">Hootsuite Inc.</a>","jherries",0,FALSE,FALSE,,
"Google‚Äôs wildfire detection is available in US, Mexico, Canada and parts of Australia https://t.co/zaC88d1S1M https://t.co/oFD0eOFaiC",FALSE,0,,2022-11-02 15:18:07,FALSE,,"1587826394343837696",,"<a href=""https://dlvrit.com/"" rel=""nofollow"">dlvr.it</a>","broadscaler",0,FALSE,FALSE,,
"Wow in just 10 years, drought, wildfire and bark beetles wiped out almost 1/3 of the forests in the southern Sierra‚Ä¶ https://t.co/nE8p3dZc1u",FALSE,57,,2022-11-02 14:57:15,TRUE,,"1587821142219272193",,"<a href=""http://twitter.com/download/iphone"" rel=""nofollow"">Twitter for iPhone</a>","RosannaXia",40,FALSE,FALSE,,
"A third of southern Sierra forest lost to drought, wildfire over the last decade #climatechange #drought #wildfires‚Ä¶ https://t.co/C9CGcSqShY",FALSE,0,,2022-11-02 14:31:37,TRUE,,"1587814693854330880",,"<a href=""http://twitter.com/download/iphone"" rel=""nofollow"">Twitter for iPhone</a>","mennake",0,FALSE,FALSE,,
"@LanaGallery wildflower wildfire obviously",FALSE,0,"LanaGallery",2022-11-02 13:02:55,FALSE,"1587709489217785856","1587792370690506752","406996847","<a href=""http://twitter.com/download/iphone"" rel=""nofollow"">Twitter for iPhone</a>","unfaggys",0,FALSE,FALSE,,
"Nearly a third of southern Sierra forests killed by drought and wildfire in last decade https://t.co/i1P8wM0spq",FALSE,0,,2022-11-02 11:06:38,FALSE,,"1587763107291693058",,"<a href=""https://mobile.twitter.com"" rel=""nofollow"">Twitter Web App</a>","Margaret91448",0,FALSE,FALSE,,
"California Wildfire Lawsuit #CaliforniaPersonalInjuryLawFirm https://t.co/cu3V2KcMLx",FALSE,0,,2022-11-02 09:45:05,FALSE,,"1587742583429685254",,"<a href=""https://eclincher.com"" rel=""nofollow"">eClincher</a>","NadrichCohen",0,FALSE,FALSE,,
"@LeahRemini If you get put the story on TikTok it will spread like wildfire. I‚Äôm so happy you were able to get your‚Ä¶ https://t.co/4Rf3tKbCqM",FALSE,0,"LeahRemini",2022-11-02 06:17:55,TRUE,"1587521707207557120","1587690447152955392","37000209","<a href=""http://twitter.com/download/iphone"" rel=""nofollow"">Twitter for iPhone</a>","Xtine1322",0,FALSE,FALSE,,
"Nearly a third of southern Sierra forests killed by drought and wildfire in last decade https://t.co/l28H2DIP3o",FALSE,0,,2022-11-02 03:26:04,FALSE,,"1587647203148898312",,"<a href=""https://mobile.twitter.com"" rel=""nofollow"">Twitter Web App</a>","zaswadosaze",0,FALSE,FALSE,,
"Researchers said the findings are not only another indication of the state‚Äôs shifting climate regime, but also offe‚Ä¶ https://t.co/4rNH9FGsss",FALSE,10,,2022-11-02 02:30:00,TRUE,,"1587633091429904386",,"<a href=""https://about.twitter.com/products/tweetdeck"" rel=""nofollow"">TweetDeck</a>","latimes",3,FALSE,FALSE,,
"Hike taxes for multimillionaires. Generate funds to subsidize zero-emission vehicles and pay for wildfire response‚Ä¶ https://t.co/FLy32LDXyS",FALSE,0,"UTCommunityNews",2022-11-02 01:48:53,TRUE,"1587622740315365376","1587622742244749312","1168764653125558272","<a href=""https://mobile.twitter.com"" rel=""nofollow"">Twitter Web App</a>","UTCommunityNews",0,FALSE,FALSE,,
"Everyone is going to have to pick their side soon.",FALSE,4,,2022-11-02 01:32:14,FALSE,,"1587618553779322882",,"<a href=""http://twitter.com/download/iphone"" rel=""nofollow"">Twitter for iPhone</a>","will_wildfire",0,FALSE,FALSE,,
"Meet Malibu's digital tool for more effective wildfire evacuations and emergency management. https://t.co/jsCNUQZhw1",FALSE,0,,2022-11-02 00:32:01,FALSE,,"1587603400073646083",,"<a href=""http://www.socialflow.com"" rel=""nofollow"">SocialFlow</a>","MalibuPatch",0,FALSE,FALSE,,
"‚ÄúIn 2Yrs, We've Lost 20% of All Giant Sequoias on Earth in High-Severity Fire‚Äù

In the previous 2000Yrs, only a few‚Ä¶ https://t.co/NFVnAgSgMJ",FALSE,1,,2022-11-01 22:23:39,TRUE,,"1587571097041453056",,"<a href=""https://mobile.twitter.com"" rel=""nofollow"">Twitter Web App</a>","RAWitt2",0,FALSE,FALSE,,
"Nearly a third of southern Sierra forests killed by drought and wildfire in last decade https://t.co/yQTV28x1s9",FALSE,1,,2022-11-01 22:03:25,FALSE,,"1587566005257019392",,"<a href=""https://mobile.twitter.com"" rel=""nofollow"">Twitter Web App</a>","andylewicky",0,FALSE,FALSE,,
"Re: Twitter 

Hi! 

I will be posting my wildfire reporting here as long as it's feasible. But I'd suggest download‚Ä¶ https://t.co/KPmlQLWZbC",FALSE,124,,2022-11-01 21:55:31,TRUE,,"1587564016913686528",,"<a href=""https://mobile.twitter.com"" rel=""nofollow"">Twitter Web App</a>","barkflight",19,FALSE,FALSE,,
"Survey will be used by the California Wildfire &amp; Forest Resilience Task Force‚Äôs Science Advisory Panel to develop a‚Ä¶ https://t.co/z2r7NCkSCu",FALSE,0,"MRCAParks",2022-11-01 20:50:31,TRUE,"1587547649720213506","1587547657605509120","2544301213","<a href=""http://twitter.com/download/android"" rel=""nofollow"">Twitter for Android</a>","MRCAParks",0,FALSE,FALSE,,
"Help us by filling out this survey which seeks to understand community perspectives on improving ecosystem health a‚Ä¶ https://t.co/5aAv2KnNsd",FALSE,4,,2022-11-01 20:50:29,TRUE,,"1587547649720213506",,"<a href=""http://twitter.com/download/android"" rel=""nofollow"">Twitter for Android</a>","MRCAParks",3,FALSE,FALSE,,
"The losses could have grave consequences for California wildlife, including protected species such as spotted owls‚Ä¶ https://t.co/aNJET4mjbD",FALSE,18,,2022-11-01 20:50:00,TRUE,,"1587547526886031360",,"<a href=""https://about.twitter.com/products/tweetdeck"" rel=""nofollow"">TweetDeck</a>","latimes",8,FALSE,FALSE,,
"@wyomingdoc I remember driving through it on winter trips to Yosemite. It was really terrifying. True it‚Äôs not as f‚Ä¶ https://t.co/782xt2HCjN",FALSE,1,"wyomingdoc",2022-11-01 20:47:35,TRUE,"1587533422972481537","1587546921672974336","1891350895","<a href=""http://twitter.com/#!/download/ipad"" rel=""nofollow"">Twitter for iPad</a>","Richard05735604",0,FALSE,FALSE,,
"Nearly a third of southern Sierra forests killed by drought and wildfire in last decade https://t.co/Mwr73nl5wR",FALSE,0,,2022-11-01 20:40:13,FALSE,,"1587545064808402945",,"<a href=""http://twitter.com/download/iphone"" rel=""nofollow"">Twitter for iPhone</a>","shelbygrad",0,FALSE,FALSE,,
"‚ÄúThe Ojai area is among the highest wildfire risk areas in the entire state,‚Äù ‚Äî Chair of the Ventura County Board o‚Ä¶ https://t.co/cHTkXUeR63",FALSE,1,,2022-11-01 19:25:59,TRUE,,"1587526386020802560",,"<a href=""https://mobile.twitter.com"" rel=""nofollow"">Twitter Web App</a>","OVN",0,FALSE,FALSE,,
"Nearly a third of southern Sierra forests killed by drought and wildfire in last decade https://t.co/LvyRxfpxNh",FALSE,20,,2022-11-01 19:20:00,FALSE,,"1587524880488337408",,"<a href=""https://buffer.com"" rel=""nofollow"">Buffer</a>","latimes",16,FALSE,FALSE,,
"""Between 2011-2020, wildfires, drought &amp; bark beetle infestations contributed to loss of nearly 1/3 of all conifer‚Ä¶ https://t.co/4vW8g3xdFd",FALSE,0,,2022-11-01 18:18:15,TRUE,,"1587509340759478272",,"<a href=""https://mobile.twitter.com"" rel=""nofollow"">Twitter Web App</a>","torrHL",0,FALSE,FALSE,,
"Between 2011 and 2020, wildfires, drought and bark beetle infestations contributed to the loss of nearly a third of‚Ä¶ https://t.co/710hPSwmDv",FALSE,0,,2022-11-01 17:59:00,TRUE,,"1587504493918158848",,"<a href=""http://twitter.com/download/iphone"" rel=""nofollow"">Twitter for iPhone</a>","DoranyPineda90",0,FALSE,FALSE,,
"Loss could have grave consequences for California wildlife, including protected species such as spotted owls and Pa‚Ä¶ https://t.co/bjorTMH4ZG",FALSE,15,,2022-11-01 17:50:00,TRUE,,"1587502228637569024",,"<a href=""https://about.twitter.com/products/tweetdeck"" rel=""nofollow"">TweetDeck</a>","latimes",5,FALSE,FALSE,,
"We're now talking about Proposition 30:

This proposition would raise taxes on the wealthy to fund wildfire managem‚Ä¶ https://t.co/swXdGpmUQ9",FALSE,1,"AirTalk",2022-11-01 17:49:59,TRUE,"1587501797706326017","1587502225907032064","55640472","<a href=""https://mobile.twitter.com"" rel=""nofollow"">Twitter Web App</a>","AirTalk",2,FALSE,FALSE,,
"A third of southern Sierra forest lost to drought, wildfire - Los Angeles Times https://t.co/2WdRSyop8s",FALSE,2,,2022-11-01 17:41:34,FALSE,,"1587500106420408320",,"<a href=""http://twitter.com/download/iphone"" rel=""nofollow"">Twitter for iPhone</a>","LAObserved",0,FALSE,FALSE,,
"@ai6yrham Now wondering about the dangers of having potted plants all around my house in a wildfire zone‚Ä¶..",FALSE,1,"ai6yrham",2022-11-01 17:23:04,FALSE,"1587482330825834496","1587495449279152129","910623276778405888","<a href=""http://twitter.com/download/iphone"" rel=""nofollow"">Twitter for iPhone</a>","AugustaHollywd",0,FALSE,FALSE,,
"A third of southern Sierra forest lost to drought, wildfire - Los Angeles Times ‚Å¶@whereishayley‚Å©  https://t.co/i7at4UzW9a",FALSE,0,,2022-11-01 17:07:40,FALSE,,"1587491575709323264",,"<a href=""http://twitter.com/download/iphone"" rel=""nofollow"">Twitter for iPhone</a>","hbecerraLATimes",1,FALSE,FALSE,,
"This year, workers in California have faced many changing workplace regulations. The heat and air quality threshold‚Ä¶ https://t.co/GjmbT58dg4",FALSE,1,,2022-11-01 17:01:29,TRUE,,"1587490021271277568",,"<a href=""https://cloudcampaign.io/"" rel=""nofollow"">Cloud Campaign</a>","maxairsystems",0,FALSE,FALSE,,
"The southern Sierra's conifer forests are slowly disappearing due to drought, wildfire and bark beetles -- and iron‚Ä¶ https://t.co/8KHzXFBiji",FALSE,32,,2022-11-01 16:50:00,TRUE,,"1587487129122181120",,"<a href=""https://mobile.twitter.com"" rel=""nofollow"">Twitter Web App</a>","Sammy_Roth",16,FALSE,FALSE,,
"‚ú® Pretty boy, but don‚Äôt make me turn it ugly ü•∑üèΩ

‚Ä¶would you like new music? feat. @willsinge https://t.co/sWDUi6SCvQ",FALSE,14,,2022-11-01 16:30:01,FALSE,,"1587482102437650432",,"<a href=""http://twitter.com/download/iphone"" rel=""nofollow"">Twitter for iPhone</a>","will_wildfire",5,FALSE,FALSE,,
"Nearly a third of southern Sierra forests killed by drought and wildfire in last decade https://t.co/Mwr73nl5wR",FALSE,1,,2022-11-01 16:01:32,FALSE,,"1587474931704397824",,"<a href=""http://twitter.com/download/iphone"" rel=""nofollow"">Twitter for iPhone</a>","shelbygrad",0,FALSE,FALSE,,
"@LakeEffectBro it has spread like wildfire",FALSE,0,"LakeEffectBro",2022-11-01 15:41:09,FALSE,"1587469250259828736","1587469803605721088","54294204","<a href=""https://mobile.twitter.com"" rel=""nofollow"">Twitter Web App</a>","JordanZirm",0,FALSE,FALSE,,
"Land managers in British Columbia teamed with cattle ranchers to prove balanced grazing was good for both cows and‚Ä¶ https://t.co/Wni5SApwdb",FALSE,3,,2022-11-01 14:59:03,TRUE,,"1587459206520737792",,"<a href=""https://www.hootsuite.com"" rel=""nofollow"">Hootsuite Inc.</a>","EsriBlog",4,FALSE,FALSE,,
"Opinion: California faces a housing/wildfire conundrum https://t.co/4zMJfMVKrA https://t.co/BfhFIdeykx",FALSE,0,,2022-11-01 11:31:19,FALSE,,"1587406931479732225",,"<a href=""http://www.socialflow.com"" rel=""nofollow"">SocialFlow</a>","ladailynews",0,FALSE,FALSE,,
"Opinion: California faces a housing/wildfire conundrum https://t.co/TyMfPF6eKT",FALSE,0,,2022-11-01 11:02:45,FALSE,,"1587399743621283841",,"<a href=""http://www.socialflow.com"" rel=""nofollow"">SocialFlow</a>","pressenterprise",0,FALSE,FALSE,,
"Opinion: California faces a housing/wildfire conundrum https://t.co/W5diiOfv8h",FALSE,0,,2022-11-01 10:54:01,FALSE,,"1587397542538625026",,"<a href=""http://www.socialflow.com"" rel=""nofollow"">SocialFlow</a>","DailyBreezeNews",1,FALSE,FALSE,,
"Opinion: California faces a housing/wildfire conundrum https://t.co/WYC0d7V2rl",FALSE,0,,2022-11-01 10:24:24,FALSE,,"1587390091537915906",,"<a href=""http://www.socialflow.com"" rel=""nofollow"">SocialFlow</a>","ivdailybulletin",1,FALSE,FALSE,,
"Opinion: California faces a housing/wildfire conundrum https://t.co/cqDWRi6E8p",FALSE,0,,2022-11-01 09:25:49,FALSE,,"1587375345535262721",,"<a href=""http://www.socialflow.com"" rel=""nofollow"">SocialFlow</a>","RedlandsNews",0,FALSE,FALSE,,
"Opinion:  California faces a housing/wildfire conundrum https://t.co/m5qlKDEh3I",FALSE,0,,2022-11-01 07:51:28,FALSE,,"1587351601525788674",,"<a href=""http://www.socialflow.com"" rel=""nofollow"">SocialFlow</a>","WhittierNews",0,FALSE,FALSE,,
"Preventing wildfire with the Wild Horse Fire Brigade https://t.co/AAqQ2SEQYx",FALSE,0,,2022-11-01 04:28:21,FALSE,,"1587300486272516100",,"<a href=""https://mobile.twitter.com"" rel=""nofollow"">Twitter Web App</a>","calminsensehypn",0,FALSE,FALSE,,
"@Mr_Axel_Gear @BCoIe_ @alley1_8katQ @DelusionPosting It was heavily persecuted but it definitely didn‚Äôt die. By the‚Ä¶ https://t.co/udgy332Bcv",FALSE,1,"Mr_Axel_Gear",2022-11-01 04:10:17,TRUE,"1587294735202668544","1587295942520147970","712598735176335360","<a href=""http://twitter.com/download/iphone"" rel=""nofollow"">Twitter for iPhone</a>","LuncaTenji",1,FALSE,FALSE,,
"@ShortDaPos One kid screamed: ‚ÄúOver here! They are giving out full size candy bars!‚Äù We were overrun and done an ho‚Ä¶ https://t.co/qFUjQpCJmW",FALSE,2,"ShortDaPos",2022-11-01 04:04:31,TRUE,"1587269027784949761","1587294490447949824","1174423547998957568","<a href=""http://www.echofon.com/"" rel=""nofollow"">Echofon</a>","splendores",0,FALSE,FALSE,,
"@HolocaustMuseum @Weinsteinlaw A bad attitude of any kind is poisonous within a team/group/society‚Ä¶it spreads like wildfire",FALSE,0,"HolocaustMuseum",2022-11-01 03:12:39,FALSE,"1587197346626117633","1587281435831898112","8487622","<a href=""http://twitter.com/download/iphone"" rel=""nofollow"">Twitter for iPhone</a>","Wolf8Wolf",0,FALSE,FALSE,,
"frfr ‚Äúsmall talk‚Äù amongst street niggas abt street shit is prolly the worst shit ever. shit spread like wildfire. i‚Ä¶ https://t.co/wtmQ4MX4hQ",FALSE,0,"KraftyNotJanky",2022-11-01 02:56:00,TRUE,"1587267873797332992","1587277245927735296","1478884960492679169","<a href=""http://twitter.com/download/iphone"" rel=""nofollow"">Twitter for iPhone</a>","KraftyNotJanky",0,FALSE,FALSE,,
"Opinion: California faces a housing/wildfire conundrum https://t.co/e2OhvqkUkL",FALSE,2,,2022-11-01 02:15:39,FALSE,,"1587267090746064900",,"<a href=""http://www.socialflow.com"" rel=""nofollow"">SocialFlow</a>","ocregister",0,FALSE,FALSE,,
"Opinion: California faces a housing/wildfire conundrum https://t.co/lPIVFbxGKb",FALSE,0,,2022-11-01 01:05:02,FALSE,,"1587249320994263045",,"<a href=""http://www.socialflow.com"" rel=""nofollow"">SocialFlow</a>","sbsun",0,FALSE,FALSE,,
"Opinion: California faces a housing/wildfire conundrum https://t.co/tkDK5LOdhg",FALSE,0,,2022-11-01 01:05:02,FALSE,,"1587249320826486784",,"<a href=""http://www.socialflow.com"" rel=""nofollow"">SocialFlow</a>","SGVTribune",0,FALSE,FALSE,,
"California faces a housing/wildfire conundrum https://t.co/Vv5VNr07MC",FALSE,0,,2022-11-01 01:01:50,FALSE,,"1587248514165362688",,"<a href=""http://www.socialflow.com"" rel=""nofollow"">SocialFlow</a>","ocropinion",0,FALSE,FALSE,,
"@HaggardHawks and it caught on like wildfire",FALSE,1,"HaggardHawks",2022-10-31 22:46:16,FALSE,"1586840996238823431","1587214398405296128","2239350253","<a href=""https://mobile.twitter.com"" rel=""nofollow"">Twitter Web App</a>","benloory",0,FALSE,FALSE,,
"It's easy to identify when a product has reached escape velocity

Retention is sky-high, k&gt;1, and servers are strai‚Ä¶ https://t.co/nmWkwUJfFb",FALSE,3,"JoshLu",2022-10-31 21:11:26,TRUE,"1587190530709938176","1587190534455496704","23023483","<a href=""https://mobile.twitter.com"" rel=""nofollow"">Twitter Web App</a>","JoshLu",0,FALSE,FALSE,,
"#2022WildfireSeason tips ‚Äì If you or a family member are elderly, have Access &amp; Functional Needs, rely on wheelchai‚Ä¶ https://t.co/v3TYpYSp8b",FALSE,0,,2022-10-31 16:37:54,TRUE,,"1587121697043451908",,"<a href=""https://www.hootsuite.com"" rel=""nofollow"">Hootsuite Inc.</a>","MalibuEOC",0,FALSE,FALSE,,
"#2022WildfireSeason tips ‚Äì If you or a family member are elderly, have Access &amp; Functional Needs, rely on wheelchai‚Ä¶ https://t.co/jcfZFCmqLG",FALSE,2,,2022-10-31 16:36:05,TRUE,,"1587121240363651072",,"<a href=""https://www.hootsuite.com"" rel=""nofollow"">Hootsuite Inc.</a>","CityMalibu",0,FALSE,FALSE,,
"We'd be remiss this #HalloweenüéÉ if we didn't mention that today's #Wildfire üî• Danger Rating for the City of‚Ä¶ https://t.co/wKtB2f7C9j",FALSE,4,,2022-10-31 14:23:03,TRUE,,"1587087759356833792",,"<a href=""https://mobile.twitter.com"" rel=""nofollow"">Twitter Web App</a>","LAFDtalk",3,FALSE,FALSE,,
"It‚Äôs Monday. Time to re/build a world in the midst of chaos and uncertainty.

Challenged? Fearful?

Lean onto itera‚Ä¶ https://t.co/OUH3m9oPPA",FALSE,17,,2022-10-31 08:59:21,TRUE,,"1587006300487139329",,"<a href=""http://twitter.com/download/iphone"" rel=""nofollow"">Twitter for iPhone</a>","markgonzalesco",6,FALSE,FALSE,,
"""The horses also help fireproof the trees they use for cover by trimming tree limbs five to six feet above the grou‚Ä¶ https://t.co/hIhDaD43WF",FALSE,1,,2022-10-31 07:05:02,TRUE,,"1586977530266804225",,"<a href=""http://twitter.com/download/android"" rel=""nofollow"">Twitter for Android</a>","problyneighbors",0,FALSE,FALSE,,
"#Animals #Horses #Environment #Fires #Wildfires ‚Äî&gt; Wild horses could help fight wildfire in the west : NPR https://t.co/FWiXpqwNCH",FALSE,1,,2022-10-31 05:08:54,FALSE,,"1586948304608579585",,"<a href=""http://twitter.com/download/iphone"" rel=""nofollow"">Twitter for iPhone</a>","LuluWalcott1",0,FALSE,FALSE,,
"After a California family lost their home in a wildfire, they rebuilt with personal touches throughout. Here are th‚Ä¶ https://t.co/KdRaOAihyC",FALSE,3,,2022-10-31 03:00:07,TRUE,,"1586915896244637696",,"<a href=""http://www.socialnewsdesk.com"" rel=""nofollow"">SocialNewsDesk</a>","sunset",0,FALSE,FALSE,,
"Shots-fired at Halloween event; fatal rollover; Wildfire in Pennington County: Shots-fired at Halloween event; fata‚Ä¶ https://t.co/jdvkwIdDoC",FALSE,0,,2022-10-31 00:32:05,TRUE,,"1586878641488932864",,"<a href=""https://dlvrit.com/"" rel=""nofollow"">dlvr.it</a>","puvungna",0,FALSE,FALSE,,
"@gimpnelly @GreedoGoblin It‚Äôs spreading like wildfire because it‚Äôs the kind of thing people find easy and seductive‚Ä¶ https://t.co/JOkMki4Ix6",FALSE,2,"gimpnelly",2022-10-30 19:46:42,TRUE,"1586806409362132992","1586806820655374336","14197022","<a href=""http://twitter.com/download/iphone"" rel=""nofollow"">Twitter for iPhone</a>","ConroyForReal",1,FALSE,FALSE,,
"Pretty bizarre that California has just now finished tallying up its 2020 greenhouse gas emissions ‚Äî in October 202‚Ä¶ https://t.co/ckK5hY6fQh",FALSE,40,,2022-10-30 18:46:52,TRUE,,"1586791765691944960",,"<a href=""http://twitter.com/download/iphone"" rel=""nofollow"">Twitter for iPhone</a>","Sammy_Roth",15,FALSE,FALSE,,
"Sounds intriguing. The West is burning up so why not try? 

Preventing wildfire with the Wild Horse Fire Brigade https://t.co/x68CJ4E2Ri",FALSE,0,,2022-10-30 17:57:46,FALSE,,"1586779406860660736",,"<a href=""http://twitter.com/download/android"" rel=""nofollow"">Twitter for Android</a>","Tru29sel",0,FALSE,FALSE,,
"@quirk_silva @louismirante ""CEQA review shall not be required for residential housing construction""

If you want to‚Ä¶ https://t.co/pOBAeXox6J",FALSE,9,"quirk_silva",2022-10-30 17:21:27,TRUE,"1586757151438950401","1586770270483714049","952962685452234752","<a href=""http://twitter.com/download/android"" rel=""nofollow"">Twitter for Android</a>","archibaldcrane",0,FALSE,FALSE,,
"Though #LAWind Advisories have subsided in most areas, today's #Wildfire üî• Danger Rating for the City of‚Ä¶ https://t.co/XuUQTB7Jc6",FALSE,8,,2022-10-30 16:18:53,TRUE,,"1586754522130497536",,"<a href=""https://mobile.twitter.com"" rel=""nofollow"">Twitter Web App</a>","LAFDtalk",3,FALSE,FALSE,,
"@Arbiter_Thel @basssavant1976 @EliasPBUH @Kingeric5Eli @muskQu0tes @elonmusk Yea that doesn‚Äôt happen you gotta look‚Ä¶ https://t.co/2IK0sn37Dk",FALSE,0,"Arbiter_Thel",2022-10-30 14:56:25,TRUE,"1586713920810762242","1586733771054665728","2332502740","<a href=""http://twitter.com/download/iphone"" rel=""nofollow"">Twitter for iPhone</a>","isthischill",0,FALSE,FALSE,,
"I want that wildfire episode to be as intense as it gets

Worried Athena, her barely functioning while he‚Äôs out the‚Ä¶ https://t.co/Wv1mn25bDF",FALSE,7,,2022-10-30 14:39:27,TRUE,,"1586729499332411392",,"<a href=""http://twitter.com/download/iphone"" rel=""nofollow"">Twitter for iPhone</a>","BathenaC",0,FALSE,FALSE,,
"2 Points:

1) Traci is the only candidate pledging to expand 41.18 ‚Äúto cover hillside areas at risk of wildfire &amp; s‚Ä¶ https://t.co/G3lVX2hZ9u",FALSE,33,,2022-10-30 14:11:51,TRUE,,"1586722555246747648",,"<a href=""http://twitter.com/download/iphone"" rel=""nofollow"">Twitter for iPhone</a>","Justin_G0rd0n",8,FALSE,FALSE,,
"Preventing wildfire with the Wild Horse Fire Brigade - William Simpson wants to deploy the wild horses across publi‚Ä¶ https://t.co/mYKDkSfmLY",FALSE,0,,2022-10-30 12:21:09,TRUE,,"1586694697652817921",,"<a href=""https://ifttt.com"" rel=""nofollow"">IFTTT</a>","omunderdal",0,FALSE,FALSE,,
"#throwback to #runningfree like #wildfire https://t.co/OMBfdm6u83",FALSE,0,,2022-10-30 04:09:04,FALSE,,"1586570859770253312",,"<a href=""http://instagram.com"" rel=""nofollow"">Instagram</a>","mirandaspigener",0,FALSE,FALSE,,
"You do amazing work! Whenever I play one of your videos, it takes off like wildfire. It‚Äôs really something. https://t.co/3U64TAHjY5",FALSE,30,,2022-10-30 02:03:48,FALSE,,"1586539336605913091",,"<a href=""http://twitter.com/download/iphone"" rel=""nofollow"">Twitter for iPhone</a>","JewelsJonesLive",2,FALSE,FALSE,,
"@jaywwalker1 @BiDotOrg @Twinkjet1 @sarahstuartxx @TaliaASquires Oh yes. Homosexuality exists in humans. We are a pr‚Ä¶ https://t.co/CUN1UYesix",FALSE,9,"jaywwalker1",2022-10-30 01:22:35,TRUE,"1586527668362682368","1586528961231667202","4056209999","<a href=""http://twitter.com/download/iphone"" rel=""nofollow"">Twitter for iPhone</a>","RVeradonir",1,FALSE,FALSE,,
".@AmerMedicalAssn Declared #Climate Change a #PublicHealth Crisis

NW Permanente sees a 5-25% ‚¨ÜÔ∏è in #Emergency Room‚Ä¶ https://t.co/hHxEVIGT18",FALSE,2,,2022-10-30 00:55:45,TRUE,,"1586522210415452162",,"<a href=""https://mobile.twitter.com"" rel=""nofollow"">Twitter Web App</a>","RAWitt2",1,FALSE,FALSE,,
"Today's #Wildfire üî•¬†Danger Rating¬†for the City of #LosAngeles is VERY HIGH: https://t.co/WYtc7w1yU5

Please be‚Ä¶ https://t.co/paA0JICoCc",FALSE,5,,2022-10-29 16:36:54,TRUE,,"1586396670354370562",,"<a href=""http://twitter.com/download/iphone"" rel=""nofollow"">Twitter for iPhone</a>","LAFDtalk",6,FALSE,FALSE,,
"In the San Jacinto region w/ @SCE‚Äôs Wildfire Safety team &amp; one of our partners, Sturgeon Electric, installing cover‚Ä¶ https://t.co/pk4xyH66Xr",FALSE,17,,2022-10-29 04:23:19,TRUE,,"1586212058785144832",,"<a href=""http://twitter.com/download/iphone"" rel=""nofollow"">Twitter for iPhone</a>","JillEnergy",1,FALSE,FALSE,,
"According to Steve Bannon 35 Trump allies were raided by the Gestapo ( FBI ) on Thursday. The Marxist regime under‚Ä¶ https://t.co/bCX3azSQ57",FALSE,2,,2022-10-29 03:14:35,TRUE,,"1586194760376627205",,"<a href=""http://twitter.com/download/android"" rel=""nofollow"">Twitter for Android</a>","Poughkeepsieboy",2,FALSE,FALSE,,
"@mmpadellan Disinformation, targeted, is a major wildfire burning America, and most don‚Äôt see it.",FALSE,0,"mmpadellan",2022-10-29 02:18:21,FALSE,"1586112947797262336","1586180608337723393","1640929196","<a href=""http://twitter.com/download/iphone"" rel=""nofollow"">Twitter for iPhone</a>","JoeJust_Us",0,FALSE,FALSE,,
"Now I don't know what to make of this idiotic Freemasonic empire that's been built by the white man here. Stupid ma‚Ä¶ https://t.co/NS7zO3SEmA",FALSE,1,,2022-10-29 01:53:14,TRUE,,"1586174288456953857",,"<a href=""https://mobile.twitter.com"" rel=""nofollow"">Twitter Web App</a>","Keyumdi",0,FALSE,FALSE,,
"PG&amp;E Corp.¬†recorded a $100 million third-quarter charge for a California wildfire that its equipment may have spark‚Ä¶ https://t.co/YOxESMKMJv",FALSE,1,,2022-10-29 01:30:00,TRUE,,"1586168442209673216",,"<a href=""https://eclincher.com"" rel=""nofollow"">eClincher</a>","NadrichCohen",0,FALSE,FALSE,,
"In LA the trees smell like cum, the skunks smell like weed, the coyotes seem like friendly skinny dogs, and the sme‚Ä¶ https://t.co/wsuxRPKwgG",FALSE,18,,2022-10-29 00:58:26,TRUE,,"1586160497350410240",,"<a href=""http://twitter.com/download/iphone"" rel=""nofollow"">Twitter for iPhone</a>","meatsical",4,FALSE,FALSE,,
"In caring for vulnerable neighbors; preserving open space, native wildlife &amp; oaks; securing clean air &amp; #water, rel‚Ä¶ https://t.co/2k9k5XhASm",FALSE,8,,2022-10-28 22:15:55,TRUE,,"1586119597589090304",,"<a href=""https://mobile.twitter.com"" rel=""nofollow"">Twitter Web App</a>","RAWitt2",0,FALSE,FALSE,,
"‚ÄúMama I‚Äôm Coming Home‚Äù is finally available to stream as well as a new song ‚ÄúI Don‚Äôt Wanna Feel‚Äù and an orchestral‚Ä¶ https://t.co/6M55g8ZmfN",FALSE,53,,2022-10-28 18:48:29,TRUE,,"1586067396938326021",,"<a href=""http://twitter.com/download/iphone"" rel=""nofollow"">Twitter for iPhone</a>","DocCoyle",7,FALSE,FALSE,,
"Gusty #SantaAnawinds are a reminder that it's still peak #fireseason. In the event of a wildfire, #UCIHealth #lung‚Ä¶ https://t.co/cnmBfa2SmV",FALSE,1,,2022-10-28 18:42:01,TRUE,,"1586065767061229573",,"<a href=""https://sproutsocial.com"" rel=""nofollow"">Sprout Social</a>","UCIrvineHealth",0,FALSE,FALSE,,
"@atrupar If your boss is getting pissed off at you &amp; you can't afford to lose a week or more pay what do you do? yo‚Ä¶ https://t.co/21ATrMBwV4",FALSE,0,"markblei",2022-10-28 18:16:26,TRUE,"1586058881549090822","1586059330297597952","14181948","<a href=""https://mobile.twitter.com"" rel=""nofollow"">Twitter Web App</a>","markblei",0,FALSE,FALSE,,
"R&amp;B SZN - new music w/ the legend @Ye_Ali  l o a d i n g  üíø

S/O my son reacting to y‚Äôall‚Äôs comments. He hype lol‚Ä¶ https://t.co/gX8i8pYrEC",FALSE,8,,2022-10-28 17:15:38,TRUE,,"1586044030936403969",,"<a href=""http://twitter.com/download/iphone"" rel=""nofollow"">Twitter for iPhone</a>","will_wildfire",3,FALSE,FALSE,,
"There are just two weeks until the virtual Wildfire Household Education Workshop! Join us on 11/9 to learn how to p‚Ä¶ https://t.co/1n3fYz2dCT",FALSE,1,,2022-10-28 16:30:26,TRUE,,"1586032655770025986",,"<a href=""https://www.hootsuite.com"" rel=""nofollow"">Hootsuite Inc.</a>","SGVCOG",1,FALSE,FALSE,,
"CEE Seminar Series for Fall 2022 
Today!!! Friday, Oct. 28th, 1:30 PM - MDEA 

Roger Bales, Ph.D., will be talking‚Ä¶ https://t.co/jqbQEDmKfP",FALSE,7,,2022-10-28 16:30:00,TRUE,,"1586032545480597504",,"<a href=""https://mobile.twitter.com"" rel=""nofollow"">Twitter Web App</a>","CEEUCI",3,FALSE,FALSE,,
"Congrats to MPA alum @JenGrayThompson who is on this year's @Forbes 50 Over 50 Impact List! She has become a leader‚Ä¶ https://t.co/wgfeC2S1ZC",FALSE,2,,2022-10-28 16:02:05,TRUE,,"1586025520197672963",,"<a href=""https://www.hootsuite.com"" rel=""nofollow"">Hootsuite Inc.</a>","USCPrice",1,FALSE,FALSE,,
"Germany‚Äôs Move To Legalize Marijuana Will Spark A Wildfire In Europe, Says This Cannabis¬†CEO https://t.co/fj9Mz69Slg",FALSE,0,,2022-10-28 10:23:21,FALSE,,"1585940275683364867",,"<a href=""http://publicize.wp.com/"" rel=""nofollow"">WordPress.com</a>","_ReportWire",0,FALSE,FALSE,,
"@Twinkjet1 @sarahstuartxx @TaliaASquires Among younger people, bisexuality is exponentially more common in both sex‚Ä¶ https://t.co/zi31GWDvbg",FALSE,22,"Twinkjet1",2022-10-28 08:50:40,TRUE,"1585915217761816576","1585916949619298304","1544166854864044032","<a href=""https://mobile.twitter.com"" rel=""nofollow"">Twitter Web App</a>","RVeradonir",3,FALSE,FALSE,,
"Wildfires in the West Threaten Whole Country. New data shows that California‚Äôs wildfire seasons have become increas‚Ä¶ https://t.co/3Dlz3WR3zb",FALSE,2,,2022-10-28 05:30:00,TRUE,,"1585866450333360128",,"<a href=""https://mobile.twitter.com"" rel=""nofollow"">Twitter Web App</a>","EarthAccounting",3,FALSE,FALSE,,
"@SKEPTICLBELIEVR @TheSaltiest1 @tinyklaus That doesn't solve the problem at all, which is the spread of misinformat‚Ä¶ https://t.co/TGnCMDlBHe",FALSE,1,"SKEPTICLBELIEVR",2022-10-28 03:57:01,TRUE,"1585842310742478848","1585843052857348096","1373749699379752962","<a href=""https://mobile.twitter.com"" rel=""nofollow"">Twitter Web App</a>","TobyAM",0,FALSE,FALSE,,
"for Halloween, imma be a sexy California wildfire

0% contained üòè",FALSE,3,,2022-10-28 03:08:28,FALSE,,"1585830834740740096",,"<a href=""http://twitter.com/download/iphone"" rel=""nofollow"">Twitter for iPhone</a>","IanZandi",1,FALSE,FALSE,,
"@JennaEllisEsq Just like that, a bushfire....soon will be a wildfire the size of millions of patriots amassing at DC.",FALSE,0,"JennaEllisEsq",2022-10-28 02:56:44,FALSE,"1585822317627805696","1585827879493177345","778763106289758208","<a href=""http://twitter.com/download/android"" rel=""nofollow"">Twitter for Android</a>","jueyun_chilis",0,FALSE,FALSE,,
"@GOKCommentary You know not what you are talking about. It's environ would have been unbearable due to the heat fro‚Ä¶ https://t.co/MbNsnr9Jr9",FALSE,1,"GOKCommentary",2022-10-28 01:36:45,TRUE,"1585712539148623873","1585807751652835329","1281210333680500736","<a href=""https://mobile.twitter.com"" rel=""nofollow"">Twitter Web App</a>","japheth_aseko",0,FALSE,FALSE,,
"@MeredthSalenger @RealMerrinD It's not Yacht rock. 
Wildfire is my least favorite song about a girl and her horse dying. :)",FALSE,6,"MeredthSalenger",2022-10-28 00:21:19,FALSE,"1585787758571683840","1585788769831030784","34785922","<a href=""https://about.twitter.com/products/tweetdeck"" rel=""nofollow"">TweetDeck</a>","thekevinryder",0,FALSE,FALSE,,
"California regulators proposed PG&amp;E pay $155.4 million in fines and take other corrective measures for violations r‚Ä¶ https://t.co/l6njkwyvVg",FALSE,0,,2022-10-27 22:34:09,TRUE,,"1585761799583854593",,"<a href=""https://dashboard.heropost.io/"" rel=""nofollow"">Heropost</a>","ramtinlaw",0,FALSE,FALSE,,
"@white_bite Maybe the difference this time will be a dictatorship didn't keep it secret and allow it to spread like‚Ä¶ https://t.co/GxjAcOnjNF",FALSE,1,"white_bite",2022-10-27 19:42:58,TRUE,"1585328144076398594","1585718719321296896","321413161","<a href=""https://mobile.twitter.com"" rel=""nofollow"">Twitter Web App</a>","TheRedTerra",0,FALSE,FALSE,,
"Currently 25 large #fires are burning over 256k acres in the U.S. More could spark due to the winds &amp; low humidity‚Ä¶ https://t.co/5wqfZ4P1Qe",FALSE,0,,2022-10-27 19:18:23,TRUE,,"1585712534505529346",,"<a href=""https://sproutsocial.com"" rel=""nofollow"">Sprout Social</a>","DefyDisaster",0,FALSE,FALSE,,
"Wildfire by Michael Murphy is a dumpster fire inside a collapsed building inside an active volcano https://t.co/Urk6uB614W",FALSE,53,,2022-10-27 19:11:23,FALSE,,"1585710770469318656",,"<a href=""http://twitter.com/download/iphone"" rel=""nofollow"">Twitter for iPhone</a>","thekevinryder",0,FALSE,FALSE,,
"""At two degrees, in many parts of the world, floods that used to hit once a century would come every single year, a‚Ä¶ https://t.co/ieOIRyqlSM",FALSE,0,"torrHL",2022-10-27 19:11:11,TRUE,"1585710634309517312","1585710722129874945","25912403","<a href=""https://mobile.twitter.com"" rel=""nofollow"">Twitter Web App</a>","torrHL",0,FALSE,FALSE,,
"It was a pleasure to attend the 2022 city managers meeting. I always learn something new and it was great to see my‚Ä¶ https://t.co/241YxvnAzQ",FALSE,4,,2022-10-27 18:13:30,TRUE,,"1585696203592695808",,"<a href=""http://twitter.com/download/iphone"" rel=""nofollow"">Twitter for iPhone</a>","SCE_AaronT",0,FALSE,FALSE,,
"‚ÄúWe will need trillions of dollars of annual investment to decarbonize the global economy over the next three decad‚Ä¶ https://t.co/jZWlaLVQoG",FALSE,1,,2022-10-27 16:27:29,TRUE,,"1585669525982298114",,"<a href=""http://twitter.com/download/iphone"" rel=""nofollow"">Twitter for iPhone</a>","BrendanFWallace",1,FALSE,FALSE,,
"‚ÄúYou cannot make a difference in this world and be agreeable.‚Äù

‚Äî one of the dopest things I‚Äôve ever heard my friends say @MickeyShiloh",FALSE,5,,2022-10-27 15:20:26,FALSE,,"1585652650489651205",,"<a href=""http://twitter.com/download/iphone"" rel=""nofollow"">Twitter for iPhone</a>","will_wildfire",3,FALSE,FALSE,,
